Date,Open,High,Low,Close,Volume,Dividends,Stock Splits,Ticker
2023-12-18 00:00:00+00:00,1.0895264148712158,1.0930036306381226,1.0894551277160645,1.0895264148712158,0,0.0,0.0,EURUSD=X
2023-12-19 00:00:00+00:00,1.092382788658142,1.098799705505371,1.091607689857483,1.092382788658142,0,0.0,0.0,EURUSD=X
2023-12-20 00:00:00+00:00,1.0981045961380005,1.09797203540802,1.0935654640197754,1.0981045961380005,0,0.0,0.0,EURUSD=X
2023-12-21 00:00:00+00:00,1.0945708751678467,1.099976897239685,1.0936251878738403,1.0945708751678467,0,0.0,0.0,EURUSD=X
2023-12-22 00:00:00+00:00,1.100618600845337,1.1040574312210083,1.0994206666946411,1.100618600845337,0,0.0,0.0,EURUSD=X
2023-12-25 00:00:00+00:00,1.102657437324524,1.1042402982711792,1.0999890565872192,1.102657437324524,0,0.0,0.0,EURUSD=X
2023-12-26 00:00:00+00:00,1.1020255088806152,1.1039965152740479,1.1009578704833984,1.1020255088806152,0,0.0,0.0,EURUSD=X
2023-12-27 00:00:00+00:00,1.1043012142181396,1.1122480630874634,1.1029249429702759,1.1043012142181396,0,0.0,0.0,EURUSD=X
2023-12-28 00:00:00+00:00,1.110864281654358,1.113945484161377,1.1071009635925293,1.110864281654358,0,0.0,0.0,EURUSD=X
2023-12-29 00:00:00+00:00,1.1068191528320312,1.1086474657058716,1.1043256521224976,1.1068191528320312,0,0.0,0.0,EURUSD=X
2024-01-01 00:00:00+00:00,1.1055831909179688,1.1053388118743896,1.1039965152740479,1.1055831909179688,0,0.0,0.0,EURUSD=X
2024-01-02 00:00:00+00:00,1.1038745641708374,1.1046061515808105,1.0941996574401855,1.1038745641708374,0,0.0,0.0,EURUSD=X
2024-01-03 00:00:00+00:00,1.0941756963729858,1.0967004299163818,1.0898706912994385,1.0941756963729858,0,0.0,0.0,EURUSD=X
2024-01-04 00:00:00+00:00,1.0927767753601074,1.0970205068588257,1.0917030572891235,1.0927767753601074,0,0.0,0.0,EURUSD=X
2024-01-05 00:00:00+00:00,1.0947387218475342,1.0996382236480713,1.0879853963851929,1.0947387218475342,0,0.0,0.0,EURUSD=X
2024-01-08 00:00:00+00:00,1.0942236185073853,1.0978153944015503,1.092454433441162,1.0942236185073853,0,0.0,0.0,EURUSD=X
2024-01-09 00:00:00+00:00,1.095170259475708,1.0967316627502441,1.0912623405456543,1.095170259475708,0,0.0,0.0,EURUSD=X
2024-01-10 00:00:00+00:00,1.0932426452636719,1.0969723463058472,1.0923351049423218,1.0932426452636719,0,0.0,0.0,EURUSD=X
2024-01-11 00:00:00+00:00,1.0975141525268555,1.0991426706314087,1.0931470394134521,1.0975141525268555,0,0.0,0.0,EURUSD=X
2024-01-12 00:00:00+00:00,1.0981649160385132,1.098659634590149,1.0937089920043945,1.0981649160385132,0,0.0,0.0,EURUSD=X
2024-01-15 00:00:00+00:00,1.0945708751678467,1.0958904027938843,1.0934100151062012,1.0945708751678467,0,0.0,0.0,EURUSD=X
2024-01-16 00:00:00+00:00,1.0945708751678467,1.094666838645935,1.086708426475525,1.0945708751678467,0,0.0,0.0,EURUSD=X
2024-01-17 00:00:00+00:00,1.087878942489624,1.0884946584701538,1.0845398902893066,1.087878942489624,0,0.0,0.0,EURUSD=X
2024-01-18 00:00:00+00:00,1.0885775089263916,1.0907504558563232,1.084869384765625,1.0885775089263916,0,0.0,0.0,EURUSD=X
2024-01-19 00:00:00+00:00,1.0879143476486206,1.0892653465270996,1.0868265628814697,1.0879143476486206,0,0.0,0.0,EURUSD=X
2024-01-22 00:00:00+00:00,1.089229702949524,1.0909883975982666,1.0880327224731445,1.089229702949524,0,0.0,0.0,EURUSD=X
2024-01-23 00:00:00+00:00,1.088020920753479,1.0918222665786743,1.0824267864227295,1.088020920753479,0,0.0,0.0,EURUSD=X
2024-01-24 00:00:00+00:00,1.0857881307601929,1.0931470394134521,1.0851871967315674,1.0857881307601929,0,0.0,0.0,EURUSD=X
2024-01-25 00:00:00+00:00,1.088174819946289,1.0900371074676514,1.0826143026351929,1.088174819946289,0,0.0,0.0,EURUSD=X
2024-01-26 00:00:00+00:00,1.0847046375274658,1.0883287191390991,1.0813382863998413,1.0847046375274658,0,0.0,0.0,EURUSD=X
2024-01-29 00:00:00+00:00,1.0843517780303955,1.084975242614746,1.079715371131897,1.0843517780303955,0,0.0,0.0,EURUSD=X
2024-01-30 00:00:00+00:00,1.0834470987319946,1.085564136505127,1.0812681913375854,1.0834470987319946,0,0.0,0.0,EURUSD=X
2024-01-31 00:00:00+00:00,1.08433997631073,1.088565707206726,1.0807656049728394,1.08433997631073,0,0.0,0.0,EURUSD=X
2024-02-01 00:00:00+00:00,1.0803920030593872,1.086555004119873,1.078027606010437,1.0803920030593872,0,0.0,0.0,EURUSD=X
2024-02-02 00:00:00+00:00,1.0874648094177246,1.0897995233535767,1.0783065557479858,1.0874648094177246,0,0.0,0.0,EURUSD=X
2024-02-05 00:00:00+00:00,1.0780043601989746,1.0787487030029297,1.072466492652893,1.0780043601989746,0,0.0,0.0,EURUSD=X
2024-02-06 00:00:00+00:00,1.0741831064224243,1.076310396194458,1.0724550485610962,1.0741831064224243,0,0.0,0.0,EURUSD=X
2024-02-07 00:00:00+00:00,1.075719952583313,1.0784345865249634,1.0756388902664185,1.075719952583313,0,0.0,0.0,EURUSD=X
2024-02-08 00:00:00+00:00,1.077574610710144,1.0789813995361328,1.074310064315796,1.077574610710144,0,0.0,0.0,EURUSD=X
2024-02-09 00:00:00+00:00,1.0777255296707153,1.0794472694396973,1.0763914585113525,1.0777255296707153,0,0.0,0.0,EURUSD=X
2024-02-12 00:00:00+00:00,1.0798202753067017,1.0805437564849854,1.0757662057876587,1.0798202753067017,0,0.0,0.0,EURUSD=X
2024-02-13 00:00:00+00:00,1.0772264003753662,1.079563856124878,1.0702054500579834,1.0772264003753662,0,0.0,0.0,EURUSD=X
2024-02-14 00:00:00+00:00,1.0708931684494019,1.0734450817108154,1.069553017616272,1.0708931684494019,0,0.0,0.0,EURUSD=X
2024-02-15 00:00:00+00:00,1.0732147693634033,1.0786322355270386,1.072524070739746,1.0732147693634033,0,0.0,0.0,EURUSD=X
2024-02-16 00:00:00+00:00,1.0773887634277344,1.0780508518218994,1.0734450817108154,1.0773887634277344,0,0.0,0.0,EURUSD=X
2024-02-19 00:00:00+00:00,1.0784461498260498,1.0789813995361328,1.0762988328933716,1.0784927606582642,0,0.0,0.0,EURUSD=X
2024-02-20 00:00:00+00:00,1.0775396823883057,1.0838581323623657,1.0762524604797363,1.0775396823883057,0,0.0,0.0,EURUSD=X
2024-02-21 00:00:00+00:00,1.0813149213790894,1.0822510719299316,1.0791910886764526,1.0813149213790894,0,0.0,0.0,EURUSD=X
2024-02-22 00:00:00+00:00,1.0820403099060059,1.0886249542236328,1.0805087089538574,1.0820403099060059,0,0.0,0.0,EURUSD=X
2024-02-23 00:00:00+00:00,1.0825674533843994,1.0839403867721558,1.0813733339309692,1.0825674533843994,0,0.0,0.0,EURUSD=X
2024-02-26 00:00:00+00:00,1.081958293914795,1.0859060287475586,1.0813382863998413,1.0820051431655884,0,0.0,0.0,EURUSD=X
2024-02-27 00:00:00+00:00,1.0850930213928223,1.0866140127182007,1.0833649635314941,1.0850930213928223,0,0.0,0.0,EURUSD=X
2024-02-28 00:00:00+00:00,1.084481120109558,1.0847163200378418,1.0798670053482056,1.084481120109558,0,0.0,0.0,EURUSD=X
2024-02-29 00:00:00+00:00,1.0838816165924072,1.085587739944458,1.0805671215057373,1.0838816165924072,0,0.0,0.0,EURUSD=X
2024-03-01 00:00:00+00:00,1.0804970264434814,1.0841518640518188,1.079925298690796,1.0804970264434814,0,0.0,0.0,EURUSD=X
2024-03-04 00:00:00+00:00,1.084269404411316,1.0866494178771973,1.0838581323623657,1.084269404411316,0,0.0,0.0,EURUSD=X
2024-03-05 00:00:00+00:00,1.0855170488357544,1.0875357389450073,1.084269404411316,1.0855170488357544,0,0.0,0.0,EURUSD=X
2024-03-06 00:00:00+00:00,1.0855995416641235,1.0914051532745361,1.084293007850647,1.0855995416641235,0,0.0,0.0,EURUSD=X
2024-03-07 00:00:00+00:00,1.089953899383545,1.0940918922424316,1.086932897567749,1.089953899383545,0,0.0,0.0,EURUSD=X
2024-03-08 00:00:00+00:00,1.0950144529342651,1.0978032350540161,1.0927051305770874,1.0950144529342651,0,0.0,0.0,EURUSD=X
2024-03-11 00:00:00+00:00,1.0942955017089844,1.09505033493042,1.0914647579193115,1.0942955017089844,0,0.0,0.0,EURUSD=X
2024-03-12 00:00:00+00:00,1.093135118484497,1.0942115783691406,1.0903223752975464,1.093135118484497,0,0.0,0.0,EURUSD=X
2024-03-13 00:00:00+00:00,1.0927767753601074,1.0949305295944214,1.0920488834381104,1.0927767753601074,0,0.0,0.0,EURUSD=X
2024-03-14 00:00:00+00:00,1.0955302715301514,1.0954701900482178,1.0884116888046265,1.0955302715301514,0,0.0,0.0,EURUSD=X
2024-03-15 00:00:00+00:00,1.0883406400680542,1.0901559591293335,1.0873819589614868,1.0883406400680542,0,0.0,0.0,EURUSD=X
2024-03-18 00:00:00+00:00,1.0882576704025269,1.0907504558563232,1.0880801677703857,1.0882576704025269,0,0.0,0.0,EURUSD=X
2024-03-19 00:00:00+00:00,1.087393879890442,1.0877841711044312,1.0835057497024536,1.087393879890442,0,0.0,0.0,EURUSD=X
2024-03-20 00:00:00+00:00,1.0863306522369385,1.0874292850494385,1.0836936235427856,1.0863306522369385,0,0.0,0.0,EURUSD=X
2024-03-21 00:00:00+00:00,1.0937210321426392,1.0944511890411377,1.0856467485427856,1.0937210321426392,0,0.0,0.0,EURUSD=X
2024-03-22 00:00:00+00:00,1.0862362384796143,1.08695650100708,1.080905795097351,1.0862362384796143,0,0.0,0.0,EURUSD=X
2024-03-25 00:00:00+00:00,1.0807539224624634,1.0843634605407715,1.080263614654541,1.0807539224624634,0,0.0,0.0,EURUSD=X
2024-03-26 00:00:00+00:00,1.0838228464126587,1.0864133834838867,1.082602620124817,1.0838228464126587,0,0.0,0.0,EURUSD=X
2024-03-27 00:00:00+00:00,1.0832358598709106,1.0839285850524902,1.081174612045288,1.0832358598709106,0,0.0,0.0,EURUSD=X
2024-03-28 00:00:00+00:00,1.0813382863998413,1.0828369855880737,1.0775513648986816,1.0813382863998413,0,0.0,0.0,EURUSD=X
2024-03-29 00:00:00+00:00,1.0794472694396973,1.0807305574417114,1.0768898725509644,1.0794472694396973,0,0.0,0.0,EURUSD=X
2024-04-01 00:00:00+01:00,1.0792726278305054,1.0801469087600708,1.0731571912765503,1.0792726278305054,0,0.0,0.0,EURUSD=X
2024-04-02 00:00:00+01:00,1.0737217664718628,1.0778765678405762,1.072535514831543,1.0737217664718628,0,0.0,0.0,EURUSD=X
2024-04-03 00:00:00+01:00,1.076855182647705,1.0831888914108276,1.0764726400375366,1.076855182647705,0,0.0,0.0,EURUSD=X
2024-04-04 00:00:00+01:00,1.0838346481323242,1.087583065032959,1.0835057497024536,1.0838346481323242,0,0.0,0.0,EURUSD=X
2024-04-05 00:00:00+01:00,1.0837054252624512,1.084845781326294,1.0791677236557007,1.0837054252624512,0,0.0,0.0,EURUSD=X
2024-04-08 00:00:00+01:00,1.0830481052398682,1.085835337638855,1.0821573734283447,1.0830481052398682,0,0.0,0.0,EURUSD=X
2024-04-09 00:00:00+01:00,1.0863661766052246,1.0888501405715942,1.0849870443344116,1.0863661766052246,0,0.0,0.0,EURUSD=X
2024-04-10 00:00:00+01:00,1.0859296321868896,1.0868383646011353,1.073375940322876,1.0859296321868896,0,0.0,0.0,EURUSD=X
2024-04-11 00:00:00+01:00,1.074171543121338,1.0755810737609863,1.0700452327728271,1.074171543121338,0,0.0,0.0,EURUSD=X
2024-04-12 00:00:00+01:00,1.0726851224899292,1.072961449623108,1.062371850013733,1.0726851224899292,0,0.0,0.0,EURUSD=X
2024-04-15 00:00:00+01:00,1.0649627447128296,1.0665528774261475,1.0623606443405151,1.0649627447128296,0,0.0,0.0,EURUSD=X
2024-04-16 00:00:00+01:00,1.0625749826431274,1.065405249595642,1.0604116916656494,1.0625749826431274,0,0.0,0.0,EURUSD=X
2024-04-17 00:00:00+01:00,1.0621461868286133,1.0652689933776855,1.0608166456222534,1.0621461868286133,0,0.0,0.0,EURUSD=X
2024-04-18 00:00:00+01:00,1.0669398307800293,1.0691757202148438,1.0647813081741333,1.0669398307800293,0,0.0,0.0,EURUSD=X
2024-04-19 00:00:00+01:00,1.0644185543060303,1.0680338144302368,1.0611768960952759,1.0644185543060303,0,0.0,0.0,EURUSD=X
2024-04-22 00:00:00+01:00,1.0657799243927002,1.067121982574463,1.0625072717666626,1.065825343132019,0,0.0,0.0,EURUSD=X
2024-04-23 00:00:00+01:00,1.065405249595642,1.0709964036941528,1.0639317035675049,1.065405249595642,0,0.0,0.0,EURUSD=X
2024-04-24 00:00:00+01:00,1.0704345703125,1.0715816020965576,1.0679197311401367,1.0704345703125,0,0.0,0.0,EURUSD=X
2024-04-25 00:00:00+01:00,1.0699878931045532,1.0731916427612305,1.0678740739822388,1.0699878931045532,0,0.0,0.0,EURUSD=X
2024-04-26 00:00:00+01:00,1.072961449623108,1.0752919912338257,1.0675548315048218,1.072961449623108,0,0.0,0.0,EURUSD=X
2024-04-29 00:00:00+01:00,1.0706866979599,1.0735372304916382,1.0690956115722656,1.0706866979599,0,0.0,0.0,EURUSD=X
2024-04-30 00:00:00+01:00,1.0715701580047607,1.0736525058746338,1.068433165550232,1.0715701580047607,0,0.0,0.0,EURUSD=X
2024-05-01 00:00:00+01:00,1.0666552782058716,1.0688670873641968,1.0650080442428589,1.0666552782058716,0,0.0,0.0,EURUSD=X
2024-05-02 00:00:00+01:00,1.0721560716629028,1.0730764865875244,1.0675777196884155,1.0721560716629028,0,0.0,0.0,EURUSD=X
2024-05-03 00:00:00+01:00,1.073306918144226,1.080940842628479,1.0725010633468628,1.073306918144226,0,0.0,0.0,EURUSD=X
2024-05-06 00:00:00+01:00,1.0758124589920044,1.079214334487915,1.0756388902664185,1.0758124589920044,0,0.0,0.0,EURUSD=X
2024-05-07 00:00:00+01:00,1.0767507553100586,1.0789813995361328,1.0755810737609863,1.0767507553100586,0,0.0,0.0,EURUSD=X
2024-05-08 00:00:00+01:00,1.0750491619110107,1.0758472681045532,1.0735719203948975,1.0750491619110107,0,0.0,0.0,EURUSD=X
2024-05-09 00:00:00+01:00,1.0746910572052002,1.078283429145813,1.0725126266479492,1.0746910572052002,0,0.0,0.0,EURUSD=X
2024-05-10 00:00:00+01:00,1.078515887260437,1.0793308019638062,1.0762062072753906,1.078515887260437,0,0.0,0.0,EURUSD=X
2024-05-13 00:00:00+01:00,1.077040672302246,1.0807305574417114,1.0766464471817017,1.077040672302246,0,0.0,0.0,EURUSD=X
2024-05-14 00:00:00+01:00,1.079354166984558,1.0828369855880737,1.0776442289352417,1.079354166984558,0,0.0,0.0,EURUSD=X
2024-05-15 00:00:00+01:00,1.0814552307128906,1.0874292850494385,1.0813616514205933,1.0814552307128906,0,0.0,0.0,EURUSD=X
2024-05-16 00:00:00+01:00,1.0889805555343628,1.089680790901184,1.0855170488357544,1.0889805555343628,0,0.0,0.0,EURUSD=X
2024-05-17 00:00:00+01:00,1.0867793560028076,1.087890625,1.0836349725723267,1.0867793560028076,0,0.0,0.0,EURUSD=X
2024-05-20 00:00:00+01:00,1.0875475406646729,1.0884946584701538,1.0855052471160889,1.0875475406646729,0,0.0,0.0,EURUSD=X
2024-05-21 00:00:00+01:00,1.086082935333252,1.0875475406646729,1.0845986604690552,1.086082935333252,0,0.0,0.0,EURUSD=X
2024-05-22 00:00:00+01:00,1.0855170488357544,1.0864840745925903,1.0822510719299316,1.0855170488357544,0,0.0,0.0,EURUSD=X
2024-05-23 00:00:00+01:00,1.0825204849243164,1.086130142211914,1.0813032388687134,1.0825204849243164,0,0.0,0.0,EURUSD=X
2024-05-24 00:00:00+01:00,1.0812681913375854,1.0856584310531616,1.0806137323379517,1.0812681913375854,0,0.0,0.0,EURUSD=X
2024-05-27 00:00:00+01:00,1.0847634077072144,1.08672034740448,1.0841753482818604,1.0847634077072144,0,0.0,0.0,EURUSD=X
2024-05-28 00:00:00+01:00,1.0861891508102417,1.0889450311660767,1.0859060287475586,1.0861891508102417,0,0.0,0.0,EURUSD=X
2024-05-29 00:00:00+01:00,1.0851871967315674,1.085894227027893,1.080952525138855,1.0851871967315674,0,0.0,0.0,EURUSD=X
2024-05-30 00:00:00+01:00,1.0801819562911987,1.0845986604690552,1.0788999795913696,1.0801819562911987,0,0.0,0.0,EURUSD=X
2024-05-31 00:00:00+01:00,1.0835410356521606,1.0882576704025269,1.081162929534912,1.0835410356521606,0,0.0,0.0,EURUSD=X
2024-06-03 00:00:00+01:00,1.0853049755096436,1.0890873670578003,1.0828019380569458,1.0853049755096436,0,0.0,0.0,EURUSD=X
2024-06-04 00:00:00+01:00,1.0907385349273682,1.0918222665786743,1.0860711336135864,1.0907385349273682,0,0.0,0.0,EURUSD=X
2024-06-05 00:00:00+01:00,1.0881866216659546,1.0889924764633179,1.0860947370529175,1.0881866216659546,0,0.0,0.0,EURUSD=X
2024-06-06 00:00:00+01:00,1.087453007698059,1.0898706912994385,1.0863661766052246,1.087453007698059,0,0.0,0.0,EURUSD=X
2024-06-07 00:00:00+01:00,1.0894432067871094,1.090179681777954,1.0804970264434814,1.0894432067871094,0,0.0,0.0,EURUSD=X
2024-06-10 00:00:00+01:00,1.0778882503509521,1.078283429145813,1.073364496231079,1.0778882503509521,0,0.0,0.0,EURUSD=X
2024-06-11 00:00:00+01:00,1.0764262676239014,1.0773539543151855,1.0721101760864258,1.0764262676239014,0,0.0,0.0,EURUSD=X
2024-06-12 00:00:00+01:00,1.0740330219268799,1.0851753950119019,1.073502779006958,1.0740330219268799,0,0.0,0.0,EURUSD=X
2024-06-13 00:00:00+01:00,1.0813149213790894,1.0817828178405762,1.075384497642517,1.0813149213790894,0,0.0,0.0,EURUSD=X
2024-06-14 00:00:00+01:00,1.0738831758499146,1.0745755434036255,1.0668145418167114,1.0738831758499146,0,0.0,0.0,EURUSD=X
2024-06-17 00:00:00+01:00,1.0702168941497803,1.0726161003112793,1.068764328956604,1.0702168941497803,0,0.0,0.0,EURUSD=X
2024-06-18 00:00:00+01:00,1.0740677118301392,1.0761250257492065,1.0711110830307007,1.0740677118301392,0,0.0,0.0,EURUSD=X
2024-06-19 00:00:00+01:00,1.0742292404174805,1.075326681137085,1.0726275444030762,1.0742292404174805,0,0.0,0.0,EURUSD=X
2024-06-20 00:00:00+01:00,1.0751532316207886,1.0750375986099243,1.0707554817199707,1.0751532316207886,0,0.0,0.0,EURUSD=X
2024-06-21 00:00:00+01:00,1.0706409215927124,1.0722709894180298,1.0671902894973755,1.0706409215927124,0,0.0,0.0,EURUSD=X
2024-06-24 00:00:00+01:00,1.0687757730484009,1.074702501296997,1.0684444904327393,1.0687757730484009,0,0.0,0.0,EURUSD=X
2024-06-25 00:00:00+01:00,1.0732723474502563,1.0745755434036255,1.0692213773727417,1.0732723474502563,0,0.0,0.0,EURUSD=X
2024-06-26 00:00:00+01:00,1.0709619522094727,1.0720411539077759,1.0667691230773926,1.0709619522094727,0,0.0,0.0,EURUSD=X
2024-06-27 00:00:00+01:00,1.068010926246643,1.0726161003112793,1.0677828788757324,1.068010926246643,0,0.0,0.0,EURUSD=X
2024-06-28 00:00:00+01:00,1.0708472728729248,1.0720986127853394,1.0686043500900269,1.0708472728729248,0,0.0,0.0,EURUSD=X
2024-07-01 00:00:00+01:00,1.0735257863998413,1.077818512916565,1.072075605392456,1.0735257863998413,0,0.0,0.0,EURUSD=X
2024-07-02 00:00:00+01:00,1.0737102031707764,1.0746102333068848,1.0710651874542236,1.0737102031707764,0,0.0,0.0,EURUSD=X
2024-07-03 00:00:00+01:00,1.0748412609100342,1.081560492515564,1.0737102031707764,1.0748412609100342,0,0.0,0.0,EURUSD=X
2024-07-04 00:00:00+01:00,1.0793308019638062,1.0816657543182373,1.0784229040145874,1.0793308019638062,0,0.0,0.0,EURUSD=X
2024-07-05 00:00:00+01:00,1.0810693502426147,1.0838346481323242,1.0810693502426147,1.0810693502426147,0,0.0,0.0,EURUSD=X
2024-07-08 00:00:00+01:00,1.082602620124817,1.0847163200378418,1.0815136432647705,1.082602620124817,0,0.0,0.0,EURUSD=X
2024-07-09 00:00:00+01:00,1.0830950736999512,1.0834236145019531,1.0806254148483276,1.0830950736999512,0,0.0,0.0,EURUSD=X
2024-07-10 00:00:00+01:00,1.0814785957336426,1.0828721523284912,1.081186294555664,1.0814785957336426,0,0.0,0.0,EURUSD=X
2024-07-11 00:00:00+01:00,1.083329677581787,1.0898351669311523,1.0832945108413696,1.083329677581787,0,0.0,0.0,EURUSD=X
2024-07-12 00:00:00+01:00,1.0872756242752075,1.091119408607483,1.086307168006897,1.0872756242752075,0,0.0,0.0,EURUSD=X
2024-07-15 00:00:00+01:00,1.0885539054870605,1.0921919345855713,1.088435411453247,1.0885539054870605,0,0.0,0.0,EURUSD=X
2024-07-16 00:00:00+01:00,1.0901559591293335,1.0906314849853516,1.0872164964675903,1.0901559591293335,0,0.0,0.0,EURUSD=X
2024-07-17 00:00:00+01:00,1.0902509689331055,1.0947147607803345,1.0896332263946533,1.0902509689331055,0,0.0,0.0,EURUSD=X
2024-07-18 00:00:00+01:00,1.094020128250122,1.0942115783691406,1.0905362367630005,1.094020128250122,0,0.0,0.0,EURUSD=X
2024-07-19 00:00:00+01:00,1.0901559591293335,1.0901559591293335,1.0877368450164795,1.0901559591293335,0,0.0,0.0,EURUSD=X
2024-07-22 00:00:00+01:00,1.0899182558059692,1.0901559591293335,1.0873701572418213,1.0899182558059692,0,0.0,0.0,EURUSD=X
2024-07-23 00:00:00+01:00,1.0889805555343628,1.0900371074676514,1.084445834159851,1.0889805555343628,0,0.0,0.0,EURUSD=X
2024-07-24 00:00:00+01:00,1.0850694179534912,1.0866494178771973,1.0826728343963623,1.0850694179534912,0,0.0,0.0,EURUSD=X
2024-07-25 00:00:00+01:00,1.0839520692825317,1.0864368677139282,1.0829308032989502,1.0839520692825317,0,0.0,0.0,EURUSD=X
2024-07-26 00:00:00+01:00,1.0851283073425293,1.0868501663208008,1.084269404411316,1.0851283073425293,0,0.0,0.0,EURUSD=X
2024-07-29 00:00:00+01:00,1.0853756666183472,1.0871928930282593,1.0803102254867554,1.0853756666183472,0,0.0,0.0,EURUSD=X
2024-07-30 00:00:00+01:00,1.081946611404419,1.0837758779525757,1.0799952745437622,1.081946611404419,0,0.0,0.0,EURUSD=X
2024-07-31 00:00:00+01:00,1.0816072225570679,1.0851871967315674,1.0808707475662231,1.0816072225570679,0,0.0,0.0,EURUSD=X
2024-08-01 00:00:00+01:00,1.082391619682312,1.0837758779525757,1.0778300762176514,1.082391619682312,0,0.0,0.0,EURUSD=X
2024-08-02 00:00:00+01:00,1.0787602663040161,1.0926215648651123,1.0782949924468994,1.0787602663040161,0,0.0,0.0,EURUSD=X
2024-08-05 00:00:00+01:00,1.0910836458206177,1.1007397174835205,1.089372158050537,1.0910836458206177,0,0.0,0.0,EURUSD=X
2024-08-06 00:00:00+01:00,1.0950982570648193,1.0963108539581299,1.0904649496078491,1.0950982570648193,0,0.0,0.0,EURUSD=X
2024-08-07 00:00:00+01:00,1.0926215648651123,1.093637228012085,1.0906909704208374,1.0926215648651123,0,0.0,0.0,EURUSD=X
2024-08-08 00:00:00+01:00,1.0928125381469727,1.0946906805038452,1.0882340669631958,1.0928125381469727,0,0.0,0.0,EURUSD=X
2024-08-09 00:00:00+01:00,1.0915720462799072,1.093135118484497,1.0909645557403564,1.0915720462799072,0,0.0,0.0,EURUSD=X
2024-08-12 00:00:00+01:00,1.091381311416626,1.0939722061157227,1.0913337469100952,1.091381311416626,0,0.0,0.0,EURUSD=X
2024-08-13 00:00:00+01:00,1.0936251878738403,1.0962508916854858,1.0915720462799072,1.0936251878738403,0,0.0,0.0,EURUSD=X
2024-08-14 00:00:00+01:00,1.0996986627578735,1.1048502922058105,1.098828673362732,1.0996986627578735,0,0.0,0.0,EURUSD=X
2024-08-15 00:00:00+01:00,1.1013215780258179,1.1016855239868164,1.09505033493042,1.1013215780258179,0,0.0,0.0,EURUSD=X
2024-08-16 00:00:00+01:00,1.0972732305526733,1.1004369258880615,1.0973695516586304,1.0972732305526733,0,0.0,0.0,EURUSD=X
2024-08-19 00:00:00+01:00,1.1024993658065796,1.1072603464126587,1.1023900508880615,1.1024993658065796,0,0.0,0.0,EURUSD=X
2024-08-20 00:00:00+01:00,1.1086474657058716,1.1117286682128906,1.107248067855835,1.1086474657058716,0,0.0,0.0,EURUSD=X
2024-08-21 00:00:00+01:00,1.112792730331421,1.1148271560668945,1.11055588722229,1.112792730331421,0,0.0,0.0,EURUSD=X
2024-08-22 00:00:00+01:00,1.115536093711853,1.1157476902008057,1.1099271774291992,1.115536093711853,0,0.0,0.0,EURUSD=X
2024-08-23 00:00:00+01:00,1.111716389656067,1.1195951700210571,1.110679268836975,1.111716389656067,0,0.0,0.0,EURUSD=X
2024-08-26 00:00:00+01:00,1.1187934875488281,1.1201093196868896,1.1152873039245605,1.1187934875488281,0,0.0,0.0,EURUSD=X
2024-08-27 00:00:00+01:00,1.1164700984954834,1.1179554462432861,1.1151255369186401,1.1164700984954834,0,0.0,0.0,EURUSD=X
2024-08-28 00:00:00+01:00,1.117793083190918,1.1181930303573608,1.1105434894561768,1.117793083190918,0,0.0,0.0,EURUSD=X
2024-08-29 00:00:00+01:00,1.1124955415725708,1.1140199899673462,1.1056320667266846,1.1124955415725708,0,0.0,0.0,EURUSD=X
2024-08-30 00:00:00+01:00,1.1080454587936401,1.109570026397705,1.1053999662399292,1.1080454587936401,0,0.0,0.0,EURUSD=X
2024-09-02 00:00:00+01:00,1.1044842004776,1.1077632904052734,1.1042524576187134,1.1044842004776,0,0.0,0.0,EURUSD=X
2024-09-03 00:00:00+01:00,1.1067456007003784,1.107051968574524,1.1033751964569092,1.1067456007003784,0,0.0,0.0,EURUSD=X
2024-09-04 00:00:00+01:00,1.1048868894577026,1.1093976497650146,1.1040817499160767,1.1048868894577026,0,0.0,0.0,EURUSD=X
2024-09-05 00:00:00+01:00,1.1080454587936401,1.112112045288086,1.1075178384780884,1.1080454587936401,0,0.0,0.0,EURUSD=X
2024-09-06 00:00:00+01:00,1.1111111640930176,1.1149640083312988,1.1067211627960205,1.1111111640930176,0,0.0,0.0,EURUSD=X
2024-09-09 00:00:00+01:00,1.1087212562561035,1.109139323234558,1.10349702835083,1.1087212562561035,0,0.0,0.0,EURUSD=X
2024-09-10 00:00:00+01:00,1.1037527322769165,1.1050333976745605,1.101624846458435,1.1037527322769165,0,0.0,0.0,EURUSD=X
2024-09-11 00:00:00+01:00,1.1020983457565308,1.1054977178573608,1.100279450416565,1.1020983457565308,0,0.0,0.0,EURUSD=X
2024-09-12 00:00:00+01:00,1.1010911464691162,1.1047526597976685,1.1006548404693604,1.1010911464691162,0,0.0,0.0,EURUSD=X
2024-09-13 00:00:00+01:00,1.1077877283096313,1.1102476119995117,1.1073951721191406,1.1077877283096313,0,0.0,0.0,EURUSD=X
2024-09-16 00:00:00+01:00,1.1088441610336304,1.1135361194610596,1.1087088584899902,1.1088441610336304,0,0.0,0.0,EURUSD=X
2024-09-17 00:00:00+01:00,1.1129536628723145,1.1146159172058105,1.1113086938858032,1.1129536628723145,0,0.0,0.0,EURUSD=X
2024-09-18 00:00:00+01:00,1.1123099327087402,1.1140819787979126,1.110913634300232,1.1123099327087402,0,0.0,0.0,EURUSD=X
2024-09-19 00:00:00+01:00,1.1114816665649414,1.118067979812622,1.107051968574524,1.1114816665649414,0,0.0,0.0,EURUSD=X
2024-09-20 00:00:00+01:00,1.1161960363388062,1.1181679964065552,1.1137346029281616,1.1161960363388062,0,0.0,0.0,EURUSD=X
2024-09-23 00:00:00+01:00,1.1160838603973389,1.1168192625045776,1.1084877252578735,1.1160838603973389,0,0.0,0.0,EURUSD=X
2024-09-24 00:00:00+01:00,1.1111727952957153,1.1163455247879028,1.1103955507278442,1.1111727952957153,0,0.0,0.0,EURUSD=X
2024-09-25 00:00:00+01:00,1.1191190481185913,1.1212396621704102,1.1141688823699951,1.1191190481185913,0,0.0,0.0,EURUSD=X
2024-09-26 00:00:00+01:00,1.1131023168563843,1.118956208229065,1.112681269645691,1.1131023168563843,0,0.0,0.0,EURUSD=X
2024-09-27 00:00:00+01:00,1.117717981338501,1.1199839115142822,1.1126564741134644,1.117717981338501,0,0.0,0.0,EURUSD=X
2024-09-30 00:00:00+01:00,1.1169815063476562,1.1208375692367554,1.1136106252670288,1.1169815063476562,0,0.0,0.0,EURUSD=X
2024-10-01 00:00:00+01:00,1.113660216331482,1.1145787239074707,1.1061090230941772,1.113660216331482,0,0.0,0.0,EURUSD=X
2024-10-02 00:00:00+01:00,1.1063904762268066,1.108217477798462,1.1034117937088013,1.1063904762268066,0,0.0,0.0,EURUSD=X
2024-10-03 00:00:00+01:00,1.1048502922058105,1.1048502922058105,1.1009578704833984,1.1048502922058105,0,0.0,0.0,EURUSD=X
2024-10-04 00:00:00+01:00,1.103557825088501,1.1039965152740479,1.0956143140792847,1.103557825088501,0,0.0,0.0,EURUSD=X
2024-10-07 00:00:00+01:00,1.0974539518356323,1.0985027551651,1.095554232597351,1.0974539518356323,0,0.0,0.0,EURUSD=X
2024-10-08 00:00:00+01:00,1.0975743532180786,1.0997470617294312,1.096166729927063,1.0975743532180786,0,0.0,0.0,EURUSD=X
2024-10-09 00:00:00+01:00,1.0975743532180786,1.098056435585022,1.094067931175232,1.0975743532180786,0,0.0,0.0,EURUSD=X
2024-10-10 00:00:00+01:00,1.0943313837051392,1.095446228981018,1.0914051532745361,1.0943313837051392,0,0.0,0.0,EURUSD=X
2024-10-11 00:00:00+01:00,1.0933860540390015,1.0954222679138184,1.0927408933639526,1.0933860540390015,0,0.0,0.0,EURUSD=X
2024-10-14 00:00:00+01:00,1.0925379991531372,1.0939722061157227,1.0905719995498657,1.0925379991531372,0,0.0,0.0,EURUSD=X
2024-10-15 00:00:00+01:00,1.0909169912338257,1.0918222665786743,1.0885775089263916,1.0909169912338257,0,0.0,0.0,EURUSD=X
2024-10-16 00:00:00+01:00,1.0884116888046265,1.0901559591293335,1.0868147611618042,1.0884116888046265,0,0.0,0.0,EURUSD=X
2024-10-17 00:00:00+01:00,1.0862481594085693,1.0869920253753662,1.0813850164413452,1.0862481594085693,0,0.0,0.0,EURUSD=X
2024-10-18 00:00:00+01:00,1.0829542875289917,1.0863661766052246,1.0828253030776978,1.0829542875289917,0,0.0,0.0,EURUSD=X
2024-10-21 00:00:00+01:00,1.0868619680404663,1.08695650100708,1.0821105241775513,1.0868619680404663,0,0.0,0.0,EURUSD=X
2024-10-22 00:00:00+01:00,1.0817828178405762,1.0837758779525757,1.0801936388015747,1.0817828178405762,0,0.0,0.0,EURUSD=X
2024-10-23 00:00:00+01:00,1.079727053642273,1.0808473825454712,1.0762641429901123,1.079727053642273,0,0.0,0.0,EURUSD=X
2024-10-24 00:00:00+01:00,1.0780508518218994,1.0810226202011108,1.0771567821502686,1.0780508518218994,0,0.0,0.0,EURUSD=X
2024-10-25 00:00:00+01:00,1.0824151039123535,1.0842459201812744,1.081186294555664,1.0824151039123535,0,0.0,0.0,EURUSD=X
2024-10-28 00:00:00+00:00,1.0796570777893066,1.0827198028564453,1.078271746635437,1.0796570777893066,0,0.0,0.0,EURUSD=X
2024-10-29 00:00:00+00:00,1.0816774368286133,1.0826259851455688,1.077040672302246,1.0816774368286133,0,0.0,0.0,EURUSD=X
2024-10-30 00:00:00+00:00,1.0820636749267578,1.0866730213165283,1.0809992551803589,1.0820636749267578,0,0.0,0.0,EURUSD=X
2024-10-31 00:00:00+00:00,1.0859178304672241,1.0888383388519287,1.0845046043395996,1.0859178304672241,0,0.0,0.0,EURUSD=X
2024-11-01 00:00:00+00:00,1.0886130332946777,1.0904054641723633,1.084845781326294,1.0886130332946777,0,0.0,0.0,EURUSD=X
2024-11-04 00:00:00+00:00,1.087453007698059,1.0915838479995728,1.0870392322540283,1.087453007698059,0,0.0,0.0,EURUSD=X
2024-11-05 00:00:00+00:00,1.0874056816101074,1.0921800136566162,1.0873347520828247,1.0874056816101074,0,0.0,0.0,EURUSD=X
2024-11-06 00:00:00+00:00,1.093445897102356,1.0933382511138916,1.068376064300537,1.093445897102356,0,0.0,0.0,EURUSD=X
2024-11-07 00:00:00+00:00,1.073306918144226,1.082602620124817,1.0714094638824463,1.073306918144226,0,0.0,0.0,EURUSD=X
2024-11-08 00:00:00+00:00,1.0795172452926636,1.0797386169433594,1.0710422992706299,1.0795172452926636,0,0.0,0.0,EURUSD=X
2024-11-11 00:00:00+00:00,1.0714898109436035,1.0728462934494019,1.0628799200057983,1.0714898109436035,0,0.0,0.0,EURUSD=X
2024-11-12 00:00:00+00:00,1.066439151763916,1.0663481950759888,1.0597037076950073,1.066439151763916,0,0.0,0.0,EURUSD=X
2024-11-13 00:00:00+00:00,1.061672568321228,1.0649060010910034,1.0559773445129395,1.061672568321228,0,0.0,0.0,EURUSD=X
2024-11-14 00:00:00+00:00,1.0564124584197998,1.0580891370773315,1.0499238967895508,1.0564124584197998,0,0.0,0.0,EURUSD=X
2024-11-15 00:00:00+00:00,1.0530084371566772,1.0591648817062378,1.052443265914917,1.0530084371566772,0,0.0,0.0,EURUSD=X
2024-11-18 00:00:00+00:00,1.0533745288848877,1.0586491823196411,1.0531193017959595,1.0533745288848877,0,0.0,0.0,EURUSD=X
2024-11-19 00:00:00+00:00,1.059490442276001,1.0601080656051636,1.0528532266616821,1.059490442276001,0,0.0,0.0,EURUSD=X
2024-11-20 00:00:00+00:00,1.0607603788375854,1.0612331628799438,1.0508506298065186,1.0607603788375854,0,0.0,0.0,EURUSD=X
2024-11-21 00:00:00+00:00,1.0546187162399292,1.0557432174682617,1.0469120740890503,1.0546187162399292,0,0.0,0.0,EURUSD=X
2024-11-22 00:00:00+00:00,1.0469341278076172,1.0498688220977783,1.0339871644973755,1.0469341278076172,0,0.0,0.0,EURUSD=X
2024-11-25 00:00:00+00:00,1.0479873418807983,1.0529640913009644,1.0449539422988892,1.0479873418807983,0,0.0,0.0,EURUSD=X
2024-11-26 00:00:00+00:00,1.0444300174713135,1.0543851852416992,1.0427310466766357,1.0444300174713135,0,0.0,0.0,EURUSD=X
2024-11-27 00:00:00+00:00,1.0491198301315308,1.0583466291427612,1.0475481748580933,1.0491198301315308,0,0.0,0.0,EURUSD=X
2024-11-28 00:00:00+00:00,1.0562450885772705,1.0565240383148193,1.0529197454452515,1.0562450885772705,0,0.0,0.0,EURUSD=X
2024-11-29 00:00:00+00:00,1.0563008785247803,1.0595465898513794,1.0542962551116943,1.0563008785247803,0,0.0,0.0,EURUSD=X
2024-12-02 00:00:00+00:00,1.0545742511749268,1.0545742511749268,1.0462220907211304,1.0545074939727783,0,0.0,0.0,EURUSD=X
2024-12-03 00:00:00+00:00,1.0501223802566528,1.0530306100845337,1.048185110092163,1.0501223802566528,0,0.0,0.0,EURUSD=X
2024-12-04 00:00:00+00:00,1.0510826110839844,1.0540074110031128,1.0473946332931519,1.0510826110839844,0,0.0,0.0,EURUSD=X
2024-12-05 00:00:00+00:00,1.051414132118225,1.0588284730911255,1.050894856452942,1.051414132118225,0,0.0,0.0,EURUSD=X
2024-12-06 00:00:00+00:00,1.058559536933899,1.0626428127288818,1.0546075105667114,1.058559536933899,0,0.0,0.0,EURUSD=X
2024-12-09 00:00:00+00:00,1.0565463304519653,1.0592771768569946,1.0533078908920288,1.0565463304519653,0,0.0,0.0,EURUSD=X
2024-12-10 00:00:00+00:00,1.0555204153060913,1.056747317314148,1.0500340461730957,1.0555204153060913,0,0.0,0.0,EURUSD=X
2024-12-11 00:00:00+00:00,1.0532968044281006,1.0540739297866821,1.0481630563735962,1.0532968044281006,0,0.0,0.0,EURUSD=X
2024-12-12 00:00:00+00:00,1.0506850481033325,1.052997350692749,1.0464848279953003,1.0506850481033325,0,0.0,0.0,EURUSD=X
2024-12-13 00:00:00+00:00,1.0474056005477905,1.0522992610931396,1.045434594154358,1.0474056005477905,0,0.0,0.0,EURUSD=X
2024-12-16 00:00:00+00:00,1.051005244255066,1.0524100065231323,1.0475043058395386,1.051005244255066,0,0.0,0.0,EURUSD=X
2024-12-17 00:00:00+00:00,1.0517348051071167,1.0532857179641724,1.047998309135437,1.0517348051071167,0,0.0,0.0,EURUSD=X
2024-12-18 00:00:00+00:00,1.0497585535049438,1.0515247583389282,1.0470107793807983,1.0489877462387085,0,0.0,0.0,EURUSD=X
2023-12-18 00:00:00+00:00,1.2672826051712036,1.2703574895858765,1.2630568742752075,1.2672343254089355,0,0.0,0.0,GBPUSD=X
2023-12-19 00:00:00+00:00,1.2653422355651855,1.276145100593567,1.2650221586227417,1.2651821374893188,0,0.0,0.0,GBPUSD=X
2023-12-20 00:00:00+00:00,1.2730745077133179,1.2731068134307861,1.2632802724838257,1.2732689380645752,0,0.0,0.0,GBPUSD=X
2023-12-21 00:00:00+00:00,1.2640626430511475,1.2692127227783203,1.261479377746582,1.2641266584396362,0,0.0,0.0,GBPUSD=X
2023-12-22 00:00:00+00:00,1.268617033958435,1.274534821510315,1.2680699825286865,1.268499493598938,0,0.0,0.0,GBPUSD=X
2023-12-25 00:00:00+00:00,1.2677003145217896,1.2746647596359253,1.2677003145217896,1.2677003145217896,0,0.0,0.0,GBPUSD=X
2023-12-26 00:00:00+00:00,1.27048659324646,1.2719409465789795,1.2685526609420776,1.27048659324646,0,0.0,0.0,GBPUSD=X
2023-12-27 00:00:00+00:00,1.2728314399719238,1.2801146507263184,1.2700508832931519,1.272718071937561,0,0.0,0.0,GBPUSD=X
2023-12-28 00:00:00+00:00,1.2802294492721558,1.2826762199401855,1.274015188217163,1.2800819873809814,0,0.0,0.0,GBPUSD=X
2023-12-29 00:00:00+00:00,1.2735446691513062,1.2772533893585205,1.2702767848968506,1.2733986377716064,0,0.0,0.0,GBPUSD=X
2024-01-01 00:00:00+00:00,1.272999882698059,1.2732998132705688,1.269357681274414,1.272999882698059,0,0.0,0.0,GBPUSD=X
2024-01-02 00:00:00+00:00,1.2728476524353027,1.2760635614395142,1.261240839958191,1.2728800773620605,0,0.0,0.0,GBPUSD=X
2024-01-03 00:00:00+00:00,1.262371301651001,1.2652462720870972,1.2618296146392822,1.2623074054718018,0,0.0,0.0,GBPUSD=X
2024-01-04 00:00:00+00:00,1.2675235271453857,1.2728151082992554,1.2657907009124756,1.2674272060394287,0,0.0,0.0,GBPUSD=X
2024-01-05 00:00:00+00:00,1.2682147026062012,1.2770087718963623,1.2612885236740112,1.2684078216552734,0,0.0,0.0,GBPUSD=X
2024-01-08 00:00:00+00:00,1.2716983556747437,1.2765034437179565,1.2675074338912964,1.271779179573059,0,0.0,0.0,GBPUSD=X
2024-01-09 00:00:00+00:00,1.2741937637329102,1.2765034437179565,1.2691644430160522,1.274518609046936,0,0.0,0.0,GBPUSD=X
2024-01-10 00:00:00+00:00,1.2714558839797974,1.274209976196289,1.268729567527771,1.2712942361831665,0,0.0,0.0,GBPUSD=X
2024-01-11 00:00:00+00:00,1.274518609046936,1.2774654626846313,1.2690999507904053,1.274518609046936,0,0.0,0.0,GBPUSD=X
2024-01-12 00:00:00+00:00,1.277955174446106,1.2784616947174072,1.2721351385116577,1.2777756452560425,0,0.0,0.0,GBPUSD=X
2024-01-15 00:00:00+00:00,1.2736419439315796,1.274015188217163,1.2714234590530396,1.273658275604248,0,0.0,0.0,GBPUSD=X
2024-01-16 00:00:00+00:00,1.2717145681381226,1.2717145681381226,1.262100338935852,1.2716174125671387,0,0.0,0.0,GBPUSD=X
2024-01-17 00:00:00+00:00,1.2639204263687134,1.269551157951355,1.2597472667694092,1.26385498046875,0,0.0,0.0,GBPUSD=X
2024-01-18 00:00:00+00:00,1.2677645683288574,1.27048659324646,1.2650541067123413,1.2676842212677002,0,0.0,0.0,GBPUSD=X
2024-01-19 00:00:00+00:00,1.2711971998214722,1.2716174125671387,1.2663196325302124,1.2709871530532837,0,0.0,0.0,GBPUSD=X
2024-01-22 00:00:00+00:00,1.2700831890106201,1.2730745077133179,1.2688262462615967,1.2699863910675049,0,0.0,0.0,GBPUSD=X
2024-01-23 00:00:00+00:00,1.270825743675232,1.2747135162353516,1.2655344009399414,1.2706964015960693,0,0.0,0.0,GBPUSD=X
2024-01-24 00:00:00+00:00,1.269422173500061,1.2773675918579102,1.2686814069747925,1.269196629524231,0,0.0,0.0,GBPUSD=X
2024-01-25 00:00:00+00:00,1.2718439102172852,1.2742263078689575,1.269293189048767,1.271876335144043,0,0.0,0.0,GBPUSD=X
2024-01-26 00:00:00+00:00,1.2706964015960693,1.2757542133331299,1.2677323818206787,1.270825743675232,0,0.0,0.0,GBPUSD=X
2024-01-29 00:00:00+00:00,1.269712209701538,1.2719409465789795,1.2663196325302124,1.2697607278823853,0,0.0,0.0,GBPUSD=X
2024-01-30 00:00:00+00:00,1.2714072465896606,1.2721351385116577,1.2642863988876343,1.2713264226913452,0,0.0,0.0,GBPUSD=X
2024-01-31 00:00:00+00:00,1.2695188522338867,1.2749247550964355,1.266784906387329,1.269551157951355,0,0.0,0.0,GBPUSD=X
2024-02-01 00:00:00+00:00,1.2680699825286865,1.2725398540496826,1.2626293897628784,1.2678449153900146,0,0.0,0.0,GBPUSD=X
2024-02-02 00:00:00+00:00,1.27472984790802,1.2772860527038574,1.262371301651001,1.27472984790802,0,0.0,0.0,GBPUSD=X
2024-02-05 00:00:00+00:00,1.2616863250732422,1.2629930973052979,1.2520031929016113,1.2621959447860718,0,0.0,0.0,GBPUSD=X
2024-02-06 00:00:00+00:00,1.2534469366073608,1.2594616413116455,1.2534469366073608,1.2534469366073608,0,0.0,0.0,GBPUSD=X
2024-02-07 00:00:00+00:00,1.260398268699646,1.2641905546188354,1.2597631216049194,1.2606525421142578,0,0.0,0.0,GBPUSD=X
2024-02-08 00:00:00+00:00,1.2627538442611694,1.2639029026031494,1.2574820518493652,1.2627378702163696,0,0.0,0.0,GBPUSD=X
2024-02-09 00:00:00+00:00,1.262148141860962,1.264222502708435,1.260096549987793,1.2620525360107422,0,0.0,0.0,GBPUSD=X
2024-02-12 00:00:00+00:00,1.2638709545135498,1.2654062509536743,1.2607479095458984,1.2637271881103516,0,0.0,0.0,GBPUSD=X
2024-02-13 00:00:00+00:00,1.2627538442611694,1.268343448638916,1.2577824592590332,1.2627538442611694,0,0.0,0.0,GBPUSD=X
2024-02-14 00:00:00+00:00,1.2591286897659302,1.2610993385314941,1.2536983489990234,1.2590652704238892,0,0.0,0.0,GBPUSD=X
2024-02-15 00:00:00+00:00,1.256818175315857,1.2596521377563477,1.2542644739151,1.2568340301513672,0,0.0,0.0,GBPUSD=X
2024-02-16 00:00:00+00:00,1.259921908378601,1.2602394819259644,1.2554454803466797,1.259921908378601,0,0.0,0.0,GBPUSD=X
2024-02-19 00:00:00+00:00,1.2611136436462402,1.262977123260498,1.2583364248275757,1.2611136436462402,0,0.0,0.0,GBPUSD=X
2024-02-20 00:00:00+00:00,1.2588274478912354,1.2667046785354614,1.2580199241638184,1.2587641477584839,0,0.0,0.0,GBPUSD=X
2024-02-21 00:00:00+00:00,1.26264226436615,1.2637910842895508,1.260398268699646,1.2627378702163696,0,0.0,0.0,GBPUSD=X
2024-02-22 00:00:00+00:00,1.2638869285583496,1.2709709405899048,1.2612568140029907,1.2638070583343506,0,0.0,0.0,GBPUSD=X
2024-02-23 00:00:00+00:00,1.2661433219909668,1.2701799869537354,1.2649741172790527,1.266367793083191,0,0.0,0.0,GBPUSD=X
2024-02-26 00:00:00+00:00,1.2671059370040894,1.2699542045593262,1.2657266855239868,1.2672665119171143,0,0.0,0.0,GBPUSD=X
2024-02-27 00:00:00+00:00,1.268455982208252,1.269689679145813,1.2661913633346558,1.268455982208252,0,0.0,0.0,GBPUSD=X
2024-02-28 00:00:00+00:00,1.2680699825286865,1.2684237957000732,1.2624667882919312,1.268166422843933,0,0.0,0.0,GBPUSD=X
2024-02-29 00:00:00+00:00,1.2661913633346558,1.2682147026062012,1.2629133462905884,1.2663036584854126,0,0.0,0.0,GBPUSD=X
2024-03-01 00:00:00+00:00,1.2627220153808594,1.2656145095825195,1.2601124048233032,1.2625465393066406,0,0.0,0.0,GBPUSD=X
2024-03-04 00:00:00+00:00,1.266127347946167,1.2706642150878906,1.2656785249710083,1.26603102684021,0,0.0,0.0,GBPUSD=X
2024-03-05 00:00:00+00:00,1.2690355777740479,1.2733501195907593,1.2672665119171143,1.269196629524231,0,0.0,0.0,GBPUSD=X
2024-03-06 00:00:00+00:00,1.2705026865005493,1.27611243724823,1.2690355777740479,1.27048659324646,0,0.0,0.0,GBPUSD=X
2024-03-07 00:00:00+00:00,1.2736419439315796,1.2798854112625122,1.272394061088562,1.2735446691513062,0,0.0,0.0,GBPUSD=X
2024-03-08 00:00:00+00:00,1.2813777923583984,1.2890584468841553,1.2801966667175293,1.2815583944320679,0,0.0,0.0,GBPUSD=X
2024-03-11 00:00:00+00:00,1.2856113910675049,1.2862398624420166,1.279606819152832,1.2855123281478882,0,0.0,0.0,GBPUSD=X
2024-03-12 00:00:00+00:00,1.2818540334701538,1.2825446128845215,1.274827241897583,1.2819806337356567,0,0.0,0.0,GBPUSD=X
2024-03-13 00:00:00+00:00,1.2796560525894165,1.2809016704559326,1.277612328529358,1.2795906066894531,0,0.0,0.0,GBPUSD=X
2024-03-14 00:00:00+00:00,1.2801966667175293,1.2823472023010254,1.2730745077133179,1.2802129983901978,0,0.0,0.0,GBPUSD=X
2024-03-15 00:00:00+00:00,1.2746485471725464,1.2759170532226562,1.2730745077133179,1.2745835781097412,0,0.0,0.0,GBPUSD=X
2024-03-18 00:00:00+00:00,1.2731878757476807,1.2748597860336304,1.2722645998001099,1.2731393575668335,0,0.0,0.0,GBPUSD=X
2024-03-19 00:00:00+00:00,1.272718071937561,1.2729123830795288,1.2669775485992432,1.272718071937561,0,0.0,0.0,GBPUSD=X
2024-03-20 00:00:00+00:00,1.271779179573059,1.2730096578598022,1.26850426197052,1.2719409465789795,0,0.0,0.0,GBPUSD=X
2024-03-21 00:00:00+00:00,1.2798361778259277,1.280393362045288,1.2660471200942993,1.2798361778259277,0,0.0,0.0,GBPUSD=X
2024-03-22 00:00:00+00:00,1.2661433219909668,1.2675877809524536,1.257735013961792,1.2661913633346558,0,0.0,0.0,GBPUSD=X
2024-03-25 00:00:00+00:00,1.25979483127594,1.2651821374893188,1.2592713832855225,1.25979483127594,0,0.0,0.0,GBPUSD=X
2024-03-26 00:00:00+00:00,1.2636953592300415,1.266784906387329,1.2625943422317505,1.2637910842895508,0,0.0,0.0,GBPUSD=X
2024-03-27 00:00:00+00:00,1.262833595275879,1.2639029026031494,1.2606048583984375,1.2628495693206787,0,0.0,0.0,GBPUSD=X
2024-03-28 00:00:00+00:00,1.261710286140442,1.2649741172790527,1.2586500644683838,1.261670470237732,0,0.0,0.0,GBPUSD=X
2024-03-29 00:00:00+00:00,1.2624191045761108,1.2648141384124756,1.2610341310501099,1.26262629032135,0,0.0,0.0,GBPUSD=X
2024-04-01 00:00:00+01:00,1.2638230323791504,1.2643823623657227,1.2540757656097412,1.2637271881103516,0,0.0,0.0,GBPUSD=X
2024-04-02 00:00:00+01:00,1.2547523975372314,1.257861614227295,1.2540757656097412,1.2545477151870728,0,0.0,0.0,GBPUSD=X
2024-04-03 00:00:00+01:00,1.2576559782028198,1.2635515928268433,1.2563602924346924,1.2576876878738403,0,0.0,0.0,GBPUSD=X
2024-04-04 00:00:00+01:00,1.265390396118164,1.268166422843933,1.2645422220230103,1.2651821374893188,0,0.0,0.0,GBPUSD=X
2024-04-05 00:00:00+01:00,1.2639667987823486,1.265006184577942,1.257576823234558,1.26401948928833,0,0.0,0.0,GBPUSD=X
2024-04-08 00:00:00+01:00,1.26262629032135,1.26558256149292,1.2613521814346313,1.2625305652618408,0,0.0,0.0,GBPUSD=X
2024-04-09 00:00:00+01:00,1.265982985496521,1.2709063291549683,1.2650221586227417,1.2658709287643433,0,0.0,0.0,GBPUSD=X
2024-04-10 00:00:00+01:00,1.2677693367004395,1.2705351114273071,1.2534940242767334,1.2677645683288574,0,0.0,0.0,GBPUSD=X
2024-04-11 00:00:00+01:00,1.2536983489990234,1.2577667236328125,1.2511699199676514,1.2537612915039062,0,0.0,0.0,GBPUSD=X
2024-04-12 00:00:00+01:00,1.2556346654891968,1.2558870315551758,1.2428845167160034,1.2554770708084106,0,0.0,0.0,GBPUSD=X
2024-04-15 00:00:00+01:00,1.246012806892395,1.249843716621399,1.2443537712097168,1.2461835145950317,0,0.0,0.0,GBPUSD=X
2024-04-16 00:00:00+01:00,1.244694471359253,1.2473493814468384,1.2411398887634277,1.2447409629821777,0,0.0,0.0,GBPUSD=X
2024-04-17 00:00:00+01:00,1.2431007623672485,1.2481745481491089,1.241773247718811,1.2431007623672485,0,0.0,0.0,GBPUSD=X
2024-04-18 00:00:00+01:00,1.2453609704971313,1.2484550476074219,1.2437810897827148,1.2453765869140625,0,0.0,0.0,GBPUSD=X
2024-04-19 00:00:00+01:00,1.2436264753341675,1.2468827962875366,1.2392034530639648,1.2437657117843628,0,0.0,0.0,GBPUSD=X
2024-04-22 00:00:00+01:00,1.237623691558838,1.2392648458480835,1.2301182746887207,1.2375777959823608,0,0.0,0.0,GBPUSD=X
2024-04-23 00:00:00+01:00,1.235010027885437,1.245795488357544,1.2333345413208008,1.2350252866744995,0,0.0,0.0,GBPUSD=X
2024-04-24 00:00:00+01:00,1.2455006837844849,1.2467273473739624,1.2423903942108154,1.2453300952911377,0,0.0,0.0,GBPUSD=X
2024-04-25 00:00:00+01:00,1.2459661960601807,1.2523481845855713,1.2455781698226929,1.2459505796432495,0,0.0,0.0,GBPUSD=X
2024-04-26 00:00:00+01:00,1.2507973909378052,1.2541544437408447,1.2450664043426514,1.2509069442749023,0,0.0,0.0,GBPUSD=X
2024-04-29 00:00:00+01:00,1.2510946989059448,1.2554926872253418,1.2508443593978882,1.2510477304458618,0,0.0,0.0,GBPUSD=X
2024-04-30 00:00:00+01:00,1.2559974193572998,1.2562813758850098,1.2505627870559692,1.2559815645217896,0,0.0,0.0,GBPUSD=X
2024-05-01 00:00:00+01:00,1.2489384412765503,1.249843716621399,1.2468206882476807,1.2490164041519165,0,0.0,0.0,GBPUSD=X
2024-05-02 00:00:00+01:00,1.2537140846252441,1.2547051906585693,1.2472871541976929,1.2539342641830444,0,0.0,0.0,GBPUSD=X
2024-05-03 00:00:00+01:00,1.2539970874786377,1.2629451751708984,1.2529915571212769,1.2540600299835205,0,0.0,0.0,GBPUSD=X
2024-05-06 00:00:00+01:00,1.2541072368621826,1.2594300508499146,1.2539499998092651,1.2541072368621826,0,0.0,0.0,GBPUSD=X
2024-05-07 00:00:00+01:00,1.2559974193572998,1.257023572921753,1.2531641721725464,1.2559815645217896,0,0.0,0.0,GBPUSD=X
2024-05-08 00:00:00+01:00,1.2503281831741333,1.2505627870559692,1.2467273473739624,1.25014066696167,0,0.0,0.0,GBPUSD=X
2024-05-09 00:00:00+01:00,1.2493597269058228,1.252065896987915,1.2449114322662354,1.2493284940719604,0,0.0,0.0,GBPUSD=X
2024-05-10 00:00:00+01:00,1.252536416053772,1.2541544437408447,1.2503907680511475,1.2525677680969238,0,0.0,0.0,GBPUSD=X
2024-05-13 00:00:00+01:00,1.2523481845855713,1.2569130659103394,1.2518621683120728,1.2522854804992676,0,0.0,0.0,GBPUSD=X
2024-05-14 00:00:00+01:00,1.2559658288955688,1.259303092956543,1.2511730194091797,1.2561867237091064,0,0.0,0.0,GBPUSD=X
2024-05-15 00:00:00+01:00,1.2584631443023682,1.2671059370040894,1.2584631443023682,1.2585265636444092,0,0.0,0.0,GBPUSD=X
2024-05-16 00:00:00+01:00,1.2689228057861328,1.2700508832931519,1.2645422220230103,1.2690032720565796,0,0.0,0.0,GBPUSD=X
2024-05-17 00:00:00+01:00,1.2672665119171143,1.2708579301834106,1.2645422220230103,1.2672007083892822,0,0.0,0.0,GBPUSD=X
2024-05-20 00:00:00+01:00,1.2707933187484741,1.2712942361831665,1.2691482305526733,1.2706480026245117,0,0.0,0.0,GBPUSD=X
2024-05-21 00:00:00+01:00,1.2710517644882202,1.27273428440094,1.269293189048767,1.2710840702056885,0,0.0,0.0,GBPUSD=X
2024-05-22 00:00:00+01:00,1.2710356712341309,1.2761287689208984,1.270099401473999,1.2711325883865356,0,0.0,0.0,GBPUSD=X
2024-05-23 00:00:00+01:00,1.2720866203308105,1.2746973037719727,1.2706156969070435,1.2721028327941895,0,0.0,0.0,GBPUSD=X
2024-05-24 00:00:00+01:00,1.2693737745285034,1.275136113166809,1.2682790756225586,1.2694060802459717,0,0.0,0.0,GBPUSD=X
2024-05-27 00:00:00+01:00,1.2734473943710327,1.2778997421264648,1.2734473943710327,1.2736095190048218,0,0.0,0.0,GBPUSD=X
2024-05-28 00:00:00+01:00,1.277269721031189,1.279983639717102,1.2763078212738037,1.2772371768951416,0,0.0,0.0,GBPUSD=X
2024-05-29 00:00:00+01:00,1.2760001420974731,1.2771717309951782,1.2707126140594482,1.275835633277893,0,0.0,0.0,GBPUSD=X
2024-05-30 00:00:00+01:00,1.2698252201080322,1.2747622728347778,1.268182635307312,1.2697993516921997,0,0.0,0.0,GBPUSD=X
2024-05-31 00:00:00+01:00,1.2730258703231812,1.2765523195266724,1.270163893699646,1.27304208278656,0,0.0,0.0,GBPUSD=X
2024-06-03 00:00:00+01:00,1.2744048833847046,1.2793940305709839,1.269551157951355,1.2743724584579468,0,0.0,0.0,GBPUSD=X
2024-06-04 00:00:00+01:00,1.2810165882110596,1.2817226648330688,1.2744373083114624,1.2810165882110596,0,0.0,0.0,GBPUSD=X
2024-06-05 00:00:00+01:00,1.2773023843765259,1.2795250415802002,1.2757705450057983,1.2773023843765259,0,0.0,0.0,GBPUSD=X
2024-06-06 00:00:00+01:00,1.2793940305709839,1.281065821647644,1.2765523195266724,1.2794759273529053,0,0.0,0.0,GBPUSD=X
2024-06-07 00:00:00+01:00,1.2794268131256104,1.281082272529602,1.2717468738555908,1.2793285846710205,0,0.0,0.0,GBPUSD=X
2024-06-10 00:00:00+01:00,1.2728703022003174,1.273236632347107,1.2689067125320435,1.2729448080062866,0,0.0,0.0,GBPUSD=X
2024-06-11 00:00:00+01:00,1.2725884914398193,1.274941086769104,1.2707610130310059,1.2726370096206665,0,0.0,0.0,GBPUSD=X
2024-06-12 00:00:00+01:00,1.273836612701416,1.2860082387924194,1.273359775543213,1.274047613143921,0,0.0,0.0,GBPUSD=X
2024-06-13 00:00:00+01:00,1.2796725034713745,1.2806065082550049,1.2752825021743774,1.27962327003479,0,0.0,0.0,GBPUSD=X
2024-06-14 00:00:00+01:00,1.2754452228546143,1.276487112045288,1.265806794166565,1.2755101919174194,0,0.0,0.0,GBPUSD=X
2024-06-17 00:00:00+01:00,1.268391728401184,1.269083857536316,1.265982985496521,1.2683112621307373,0,0.0,0.0,GBPUSD=X
2024-06-18 00:00:00+01:00,1.2714234590530396,1.2720379829406738,1.2669453620910645,1.2715997695922852,0,0.0,0.0,GBPUSD=X
2024-06-19 00:00:00+01:00,1.270825743675232,1.2739989757537842,1.2702445983886719,1.2707449197769165,0,0.0,0.0,GBPUSD=X
2024-06-20 00:00:00+01:00,1.2720866203308105,1.2720866203308105,1.2667046785354614,1.2721998691558838,0,0.0,0.0,GBPUSD=X
2024-06-21 00:00:00+01:00,1.2660471200942993,1.2669775485992432,1.2625625133514404,1.2660471200942993,0,0.0,0.0,GBPUSD=X
2024-06-24 00:00:00+01:00,1.2639667987823486,1.269841194152832,1.2633600234985352,1.2639029026031494,0,0.0,0.0,GBPUSD=X
2024-06-25 00:00:00+01:00,1.2683112621307373,1.2702445983886719,1.2671540975570679,1.268343448638916,0,0.0,0.0,GBPUSD=X
2024-06-26 00:00:00+01:00,1.2684721946716309,1.269196629524231,1.2620844841003418,1.268399715423584,0,0.0,0.0,GBPUSD=X
2024-06-27 00:00:00+01:00,1.262148141860962,1.2669453620910645,1.2613521814346313,1.262179970741272,0,0.0,0.0,GBPUSD=X
2024-06-28 00:00:00+01:00,1.2643823623657227,1.266175389289856,1.2620208263397217,1.2645741701126099,0,0.0,0.0,GBPUSD=X
2024-07-01 00:00:00+01:00,1.2650221586227417,1.269534945487976,1.2637431621551514,1.2648621797561646,0,0.0,0.0,GBPUSD=X
2024-07-02 00:00:00+01:00,1.2646220922470093,1.2685364484786987,1.2616386413574219,1.2645741701126099,0,0.0,0.0,GBPUSD=X
2024-07-03 00:00:00+01:00,1.2688101530075073,1.2777103185653687,1.267909288406372,1.2690355777740479,0,0.0,0.0,GBPUSD=X
2024-07-04 00:00:00+01:00,1.2747784852981567,1.2767316102981567,1.274047613143921,1.2747784852981567,0,0.0,0.0,GBPUSD=X
2024-07-05 00:00:00+01:00,1.2756078243255615,1.2813777923583984,1.2756078243255615,1.2755752801895142,0,0.0,0.0,GBPUSD=X
2024-07-08 00:00:00+01:00,1.2807377576828003,1.28468656539917,1.2802459001541138,1.2806508541107178,0,0.0,0.0,GBPUSD=X
2024-07-09 00:00:00+01:00,1.281469702720642,1.2824623584747314,1.2779226303100586,1.2815583944320679,0,0.0,0.0,GBPUSD=X
2024-07-10 00:00:00+01:00,1.2788705825805664,1.2847524881362915,1.2785271406173706,1.2787723541259766,0,0.0,0.0,GBPUSD=X
2024-07-11 00:00:00+01:00,1.2854297161102295,1.2948671579360962,1.2850496768951416,1.285264492034912,0,0.0,0.0,GBPUSD=X
2024-07-12 00:00:00+01:00,1.2925240993499756,1.2992074489593506,1.2903226613998413,1.292373776435852,0,0.0,0.0,GBPUSD=X
2024-07-15 00:00:00+01:00,1.2967814207077026,1.299545168876648,1.2962770462036133,1.2966804504394531,0,0.0,0.0,GBPUSD=X
2024-07-16 00:00:00+01:00,1.2970000505447388,1.2980270385742188,1.2940125465393066,1.2970000505447388,0,0.0,0.0,GBPUSD=X
2024-07-17 00:00:00+01:00,1.297808051109314,1.3044612407684326,1.2966804504394531,1.29776930809021,0,0.0,0.0,GBPUSD=X
2024-07-18 00:00:00+01:00,1.3008638620376587,1.3012869358062744,1.2969664335250854,1.3007453680038452,0,0.0,0.0,GBPUSD=X
2024-07-19 00:00:00+01:00,1.294967770576477,1.294967770576477,1.2901561260223389,1.2951691150665283,0,0.0,0.0,GBPUSD=X
2024-07-22 00:00:00+01:00,1.2932428121566772,1.2941465377807617,1.2906723022460938,1.2933096885681152,0,0.0,0.0,GBPUSD=X
2024-07-23 00:00:00+01:00,1.293326497077942,1.2934937477111816,1.2888591289520264,1.2932428121566772,0,0.0,0.0,GBPUSD=X
2024-07-24 00:00:00+01:00,1.2903226613998413,1.2938284873962402,1.2878466844558716,1.2901561260223389,0,0.0,0.0,GBPUSD=X
2024-07-25 00:00:00+01:00,1.2898398637771606,1.2913390398025513,1.2862894535064697,1.289989709854126,0,0.0,0.0,GBPUSD=X
2024-07-26 00:00:00+01:00,1.2855618000030518,1.2874983549118042,1.2850496768951416,1.2856775522232056,0,0.0,0.0,GBPUSD=X
2024-07-29 00:00:00+01:00,1.286719799041748,1.2888425588607788,1.2807048559188843,1.2868356704711914,0,0.0,0.0,GBPUSD=X
2024-07-30 00:00:00+01:00,1.2857933044433594,1.2865046262741089,1.2821005582809448,1.286041259765625,0,0.0,0.0,GBPUSD=X
2024-07-31 00:00:00+01:00,1.283812403678894,1.2854461669921875,1.282248616218567,1.2836971282958984,0,0.0,0.0,GBPUSD=X
2024-08-01 00:00:00+01:00,1.2853471040725708,1.286173701286316,1.2756078243255615,1.2853139638900757,0,0.0,0.0,GBPUSD=X
2024-08-02 00:00:00+01:00,1.2728476524353027,1.2840267419815063,1.2708903551101685,1.27289617061615,0,0.0,0.0,GBPUSD=X
2024-08-05 00:00:00+01:00,1.278821349143982,1.2816240787506104,1.2711488008499146,1.278788685798645,0,0.0,0.0,GBPUSD=X
2024-08-06 00:00:00+01:00,1.278788685798645,1.2801638841629028,1.2673146724700928,1.2788705825805664,0,0.0,0.0,GBPUSD=X
2024-08-07 00:00:00+01:00,1.2683273553848267,1.273577094078064,1.2683273553848267,1.2684721946716309,0,0.0,0.0,GBPUSD=X
2024-08-08 00:00:00+01:00,1.2684882879257202,1.274209976196289,1.2666244506835938,1.2680377960205078,0,0.0,0.0,GBPUSD=X
2024-08-09 00:00:00+01:00,1.2745997905731201,1.2774165868759155,1.272718071937561,1.2747459411621094,0,0.0,0.0,GBPUSD=X
2024-08-12 00:00:00+01:00,1.2749898433685303,1.2794595956802368,1.2748922109603882,1.2750385999679565,0,0.0,0.0,GBPUSD=X
2024-08-13 00:00:00+01:00,1.2772371768951416,1.2836146354675293,1.276519775390625,1.2771228551864624,0,0.0,0.0,GBPUSD=X
2024-08-14 00:00:00+01:00,1.2866203784942627,1.286885380744934,1.2823965549468994,1.2866700887680054,0,0.0,0.0,GBPUSD=X
2024-08-15 00:00:00+01:00,1.2825281620025635,1.2870675325393677,1.279983639717102,1.2828736305236816,0,0.0,0.0,GBPUSD=X
2024-08-16 00:00:00+01:00,1.2859750986099243,1.2914557456970215,1.2858428955078125,1.2859420776367188,0,0.0,0.0,GBPUSD=X
2024-08-19 00:00:00+01:00,1.2948336601257324,1.2997479438781738,1.2941633462905884,1.294716238975525,0,0.0,0.0,GBPUSD=X
2024-08-20 00:00:00+01:00,1.29902184009552,1.3044441938400269,1.2975554466247559,1.2990386486053467,0,0.0,0.0,GBPUSD=X
2024-08-21 00:00:00+01:00,1.303508996963501,1.3078734874725342,1.301168441772461,1.3035430908203125,0,0.0,0.0,GBPUSD=X
2024-08-22 00:00:00+01:00,1.3092947006225586,1.3129045963287354,1.308215618133545,1.309346079826355,0,0.0,0.0,GBPUSD=X
2024-08-23 00:00:00+01:00,1.3097577095031738,1.3229963779449463,1.3092775344848633,1.3097747564315796,0,0.0,0.0,GBPUSD=X
2024-08-26 00:00:00+01:00,1.3214752674102783,1.3222440481185913,1.318252444267273,1.3212658166885376,0,0.0,0.0,GBPUSD=X
2024-08-27 00:00:00+01:00,1.3192107677459717,1.324591040611267,1.3180805444717407,1.3191741704940796,0,0.0,0.0,GBPUSD=X
2024-08-28 00:00:00+01:00,1.325644612312317,1.326259970664978,1.3192611932754517,1.3257501125335693,0,0.0,0.0,GBPUSD=X
2024-08-29 00:00:00+01:00,1.3194527626037598,1.3227006196975708,1.3146650791168213,1.3193656206130981,0,0.0,0.0,GBPUSD=X
2024-08-30 00:00:00+01:00,1.3165169954299927,1.3201320171356201,1.3126460313796997,1.3166210651397705,0,0.0,0.0,GBPUSD=X
2024-09-02 00:00:00+01:00,1.3130769729614258,1.3154432773590088,1.3120776414871216,1.3128528594970703,0,0.0,0.0,GBPUSD=X
2024-09-03 00:00:00+01:00,1.3141123056411743,1.3147515058517456,1.3090033531188965,1.314198613166809,0,0.0,0.0,GBPUSD=X
2024-09-04 00:00:00+01:00,1.3113549947738647,1.317488431930542,1.3102381229400635,1.3114066123962402,0,0.0,0.0,GBPUSD=X
2024-09-05 00:00:00+01:00,1.3144749402999878,1.3188087940216064,1.3138878345489502,1.3144749402999878,0,0.0,0.0,GBPUSD=X
2024-09-06 00:00:00+01:00,1.3177313804626465,1.3234341144561768,1.3129907846450806,1.317748785018921,0,0.0,0.0,GBPUSD=X
2024-09-09 00:00:00+01:00,1.313232183456421,1.314388632774353,1.3071553707122803,1.3133355379104614,0,0.0,0.0,GBPUSD=X
2024-09-10 00:00:00+01:00,1.3069844245910645,1.310753345489502,1.304988980293274,1.307138204574585,0,0.0,0.0,GBPUSD=X
2024-09-11 00:00:00+01:00,1.308215618133545,1.3111659288406372,1.3003225326538086,1.3080273866653442,0,0.0,0.0,GBPUSD=X
2024-09-12 00:00:00+01:00,1.3039170503616333,1.3083868026733398,1.3032711744308472,1.3039510250091553,0,0.0,0.0,GBPUSD=X
2024-09-13 00:00:00+01:00,1.3133183717727661,1.3156856298446655,1.3116475343704224,1.313232183456421,0,0.0,0.0,GBPUSD=X
2024-09-16 00:00:00+01:00,1.3135944604873657,1.3213878870010376,1.3135944604873657,1.3137997388839722,0,0.0,0.0,GBPUSD=X
2024-09-17 00:00:00+01:00,1.3210737705230713,1.3230313062667847,1.3159972429275513,1.3210737705230713,0,0.0,0.0,GBPUSD=X
2024-09-18 00:00:00+01:00,1.316759705543518,1.3252933025360107,1.3156163692474365,1.3167423009872437,0,0.0,0.0,GBPUSD=X
2024-09-19 00:00:00+01:00,1.3203411102294922,1.3311856985092163,1.3155124187469482,1.3201146125793457,0,0.0,0.0,GBPUSD=X
2024-09-20 00:00:00+01:00,1.328303575515747,1.3341338634490967,1.3270519971847534,1.328179955482483,0,0.0,0.0,GBPUSD=X
2024-09-23 00:00:00+01:00,1.3312742710113525,1.336023211479187,1.3251352310180664,1.331398367881775,0,0.0,0.0,GBPUSD=X
2024-09-24 00:00:00+01:00,1.3349709510803223,1.339925765991211,1.3333333730697632,1.3349887132644653,0,0.0,0.0,GBPUSD=X
2024-09-25 00:00:00+01:00,1.3427324295043945,1.3429667949676514,1.3336889743804932,1.3427324295043945,0,0.0,0.0,GBPUSD=X
2024-09-26 00:00:00+01:00,1.3314870595932007,1.3432915210723877,1.331416130065918,1.3315792083740234,0,0.0,0.0,GBPUSD=X
2024-09-27 00:00:00+01:00,1.3412017822265625,1.342822551727295,1.3361660242080688,1.341381549835205,0,0.0,0.0,GBPUSD=X
2024-09-30 00:00:00+01:00,1.338329792022705,1.3424620628356934,1.3363088369369507,1.338329792022705,0,0.0,0.0,GBPUSD=X
2024-10-01 00:00:00+01:00,1.3377926349639893,1.339046597480774,1.326470971107483,1.3376137018203735,0,0.0,0.0,GBPUSD=X
2024-10-02 00:00:00+01:00,1.3274747133255005,1.3305480480194092,1.3248717784881592,1.327404260635376,0,0.0,0.0,GBPUSD=X
2024-10-03 00:00:00+01:00,1.3263479471206665,1.3265414237976074,1.309431791305542,1.326611876487732,0,0.0,0.0,GBPUSD=X
2024-10-04 00:00:00+01:00,1.313042402267456,1.3175230026245117,1.3073091506958008,1.3130252361297607,0,0.0,0.0,GBPUSD=X
2024-10-07 00:00:00+01:00,1.312404751777649,1.3134045600891113,1.3060115575790405,1.3125253915786743,0,0.0,0.0,GBPUSD=X
2024-10-08 00:00:00+01:00,1.3086093664169312,1.31137216091156,1.3065404891967773,1.3084723949432373,0,0.0,0.0,GBPUSD=X
2024-10-09 00:00:00+01:00,1.3094146251678467,1.3103755712509155,1.305841088294983,1.309483289718628,0,0.0,0.0,GBPUSD=X
2024-10-10 00:00:00+01:00,1.306711196899414,1.309346079826355,1.3027619123458862,1.306830883026123,0,0.0,0.0,GBPUSD=X
2024-10-11 00:00:00+01:00,1.306165099143982,1.308215618133545,1.3043251037597656,1.3062163591384888,0,0.0,0.0,GBPUSD=X
2024-10-14 00:00:00+01:00,1.3049379587173462,1.3072236776351929,1.303152322769165,1.3049037456512451,0,0.0,0.0,GBPUSD=X
2024-10-15 00:00:00+01:00,1.3068478107452393,1.310186743736267,1.3036279678344727,1.3067454099655151,0,0.0,0.0,GBPUSD=X
2024-10-16 00:00:00+01:00,1.306557536125183,1.3077365159988403,1.2983640432357788,1.3065917491912842,0,0.0,0.0,GBPUSD=X
2024-10-17 00:00:00+01:00,1.2991737127304077,1.302032470703125,1.2975890636444092,1.29902184009552,0,0.0,0.0,GBPUSD=X
2024-10-18 00:00:00+01:00,1.301608681678772,1.3068649768829346,1.3012362718582153,1.301574945449829,0,0.0,0.0,GBPUSD=X
2024-10-21 00:00:00+01:00,1.3051422834396362,1.3053126335144043,1.2979763746261597,1.3052616119384766,0,0.0,0.0,GBPUSD=X
2024-10-22 00:00:00+01:00,1.2983134984970093,1.3015241622924805,1.2946492433547974,1.298296570777893,0,0.0,0.0,GBPUSD=X
2024-10-23 00:00:00+01:00,1.2981956005096436,1.2996126413345337,1.2937614917755127,1.2982797622680664,0,0.0,0.0,GBPUSD=X
2024-10-24 00:00:00+01:00,1.2916392087936401,1.2986844778060913,1.2912222146987915,1.291372299194336,0,0.0,0.0,GBPUSD=X
2024-10-25 00:00:00+01:00,1.2974039316177368,1.2999167442321777,1.295706033706665,1.2973365783691406,0,0.0,0.0,GBPUSD=X
2024-10-28 00:00:00+00:00,1.295823574066162,1.3000857830047607,1.294062852859497,1.295823574066162,0,0.0,0.0,GBPUSD=X
2024-10-29 00:00:00+00:00,1.2975554466247559,1.3007622957229614,1.2958402633666992,1.2974711656570435,0,0.0,0.0,GBPUSD=X
2024-10-30 00:00:00+00:00,1.301168441772461,1.3039339780807495,1.2939456701278687,1.3014055490493774,0,0.0,0.0,GBPUSD=X
2024-10-31 00:00:00+00:00,1.295873999595642,1.2998830080032349,1.2847524881362915,1.2959579229354858,0,0.0,0.0,GBPUSD=X
2024-11-01 00:00:00+00:00,1.2894740104675293,1.2979259490966797,1.2885435819625854,1.2897733449935913,0,0.0,0.0,GBPUSD=X
2024-11-04 00:00:00+00:00,1.295303225517273,1.3000519275665283,1.2936275005340576,1.2953401803970337,0,0.0,0.0,GBPUSD=X
2024-11-05 00:00:00+00:00,1.2953367233276367,1.3021341562271118,1.2948838472366333,1.2954542636871338,0,0.0,0.0,GBPUSD=X
2024-11-06 00:00:00+00:00,1.3040530681610107,1.3043761253356934,1.2836312055587769,1.3043591976165771,0,0.0,0.0,GBPUSD=X
2024-11-07 00:00:00+00:00,1.2883278131484985,1.3009145259857178,1.2877471446990967,1.2883278131484985,0,0.0,0.0,GBPUSD=X
2024-11-08 00:00:00+00:00,1.2983640432357788,1.2985326051712036,1.2903226613998413,1.2982292175292969,0,0.0,0.0,GBPUSD=X
2024-11-11 00:00:00+00:00,1.2915725708007812,1.292657732963562,1.2856611013412476,1.2917059659957886,0,0.0,0.0,GBPUSD=X
2024-11-12 00:00:00+00:00,1.2874155044555664,1.2874155044555664,1.273123025894165,1.2874983549118042,0,0.0,0.0,GBPUSD=X
2024-11-13 00:00:00+00:00,1.273739218711853,1.276242733001709,1.2689549922943115,1.2739177942276,0,0.0,0.0,GBPUSD=X
2024-11-14 00:00:00+00:00,1.2707772254943848,1.2720379829406738,1.2631398439407349,1.27068030834198,0,0.0,0.0,GBPUSD=X
2024-11-15 00:00:00+00:00,1.266640543937683,1.269841194152832,1.2616068124771118,1.266784906387329,0,0.0,0.0,GBPUSD=X
2024-11-18 00:00:00+00:00,1.2619729042053223,1.2662235498428345,1.2614953517913818,1.261765956878662,0,0.0,0.0,GBPUSD=X
2024-11-19 00:00:00+00:00,1.2679253816604614,1.2688745260238647,1.261479377746582,1.2679253816604614,0,0.0,0.0,GBPUSD=X
2024-11-20 00:00:00+00:00,1.2694865465164185,1.2714558839797974,1.2633121013641357,1.2694543600082397,0,0.0,0.0,GBPUSD=X
2024-11-21 00:00:00+00:00,1.2655985355377197,1.2661433219909668,1.2581623792648315,1.2655344009399414,0,0.0,0.0,GBPUSD=X
2024-11-22 00:00:00+00:00,1.2585422992706299,1.2594457864761353,1.248860478401184,1.2584789991378784,0,0.0,0.0,GBPUSD=X
2024-11-25 00:00:00+00:00,1.2589067220687866,1.2612725496292114,1.2542331218719482,1.2593823671340942,0,0.0,0.0,GBPUSD=X
2024-11-26 00:00:00+00:00,1.2530543804168701,1.2616544961929321,1.2508755922317505,1.2533055543899536,0,0.0,0.0,GBPUSD=X
2024-11-27 00:00:00+00:00,1.2575452327728271,1.269293189048767,1.2567708492279053,1.2573871612548828,0,0.0,0.0,GBPUSD=X
2024-11-28 00:00:00+00:00,1.2674914598464966,1.2691482305526733,1.2645741701126099,1.2677645683288574,0,0.0,0.0,GBPUSD=X
2024-11-29 00:00:00+00:00,1.2696478366851807,1.2748761177062988,1.2673628330230713,1.2696800231933594,0,0.0,0.0,GBPUSD=X
2024-12-02 00:00:00+00:00,1.2705672979354858,1.2722160816192627,1.2619411945343018,1.270163893699646,0,0.0,0.0,GBPUSD=X
2024-12-03 00:00:00+00:00,1.265806794166565,1.2696800231933594,1.2640306949615479,1.265854835510254,0,0.0,0.0,GBPUSD=X
2024-12-04 00:00:00+00:00,1.2674272060394287,1.2717468738555908,1.2635835409164429,1.2674272060394287,0,0.0,0.0,GBPUSD=X
2024-12-05 00:00:00+00:00,1.2701315879821777,1.2770249843597412,1.269357681274414,1.2701154947280884,0,0.0,0.0,GBPUSD=X
2024-12-06 00:00:00+00:00,1.2759333848953247,1.2809674739837646,1.2731555700302124,1.2759333848953247,0,0.0,0.0,GBPUSD=X
2024-12-09 00:00:00+00:00,1.2746647596359253,1.2798033952713013,1.271779179573059,1.2749296426773071,0,0.0,0.0,GBPUSD=X
2024-12-10 00:00:00+00:00,1.274843454360962,1.276650071144104,1.2725237607955933,1.2749085426330566,0,0.0,0.0,GBPUSD=X
2024-12-11 00:00:00+00:00,1.2780369520187378,1.2782166004180908,1.2714719772338867,1.2780042886734009,0,0.0,0.0,GBPUSD=X
2024-12-12 00:00:00+00:00,1.276650071144104,1.2787723541259766,1.2673307657241821,1.2766337394714355,0,0.0,0.0,GBPUSD=X
2024-12-13 00:00:00+00:00,1.2675557136535645,1.2679253816604614,1.2609069347381592,1.2677323818206787,0,0.0,0.0,GBPUSD=X
2024-12-16 00:00:00+00:00,1.2629451751708984,1.2696800231933594,1.262817621231079,1.2627378702163696,0,0.0,0.0,GBPUSD=X
2024-12-17 00:00:00+00:00,1.2695188522338867,1.2720541954040527,1.2667688131332397,1.2690355777740479,0,0.0,0.0,GBPUSD=X
2024-12-18 00:00:00+00:00,1.271164894104004,1.2723132371902466,1.268166422843933,1.2716013193130493,0,0.0,0.0,GBPUSD=X
